Repository,Type 1,Type 2,Type 3,Type 4,Type 5,Type 6,Type 7,Type 8,Type 9,Type 10,Type 11,Type 12,Type 13,Type 14,Type 15,Type 16,Type 17,Type 18,Type 19,Type 20,Type 21,Type 22,Type 23,Type 24,Type 25,Type 26,Type 27,Type 28,Type 29,Type 30,Type 31,Type 32,Type 33,Type 34,Type 35,Type 36,Type 37,Type 38,Type 39,Type 40,Type 41,Type 42,Type 43,Type 44,Type 45,Type 46,Type 47,Type 48,Type 49,Type 50,Type 51,Type 52,Type 53,Type 54,Type 55,Type 56,Type 57,Type 58,Type 59,Type 60,Type 61,Type 62,Type 63
kdn251:interviews,0,1,1,0,0,0,0,0,0,0,0,0,0,0,0,6,2,0,0,0,0,0,0,0,0,0,0,0,0,0,0,19,0,0,0,0,0,0,0,0,0,0,0,0,0,0,0,2,1,0,1,1,0,0,0,0,0,0,1,0,0,0,0
riot:riot,0,0,0,4,0,0,0,0,0,0,0,0,0,0,0,242,2,0,0,0,0,0,0,0,0,0,0,0,0,0,0,182,0,0,1,1,0,0,0,0,0,0,0,0,0,0,0,518,2,0,5,10,1,0,0,1,0,1,0,1,0,0,4
Microsoft:CNTK,0,0,0,0,0,0,0,0,0,0,0,0,0,0,0,252,6,0,0,2,0,0,0,2,0,0,0,0,1,0,0,241,0,6,1,1,0,0,0,0,0,0,0,1,0,0,0,610,2,6,11,8,0,0,0,2,2,0,0,3,2,0,0
desandro:masonry,0,0,0,0,0,0,0,0,0,0,0,0,0,0,0,160,0,0,0,0,0,0,0,0,0,0,0,0,0,0,0,171,0,0,0,0,0,0,0,0,0,0,0,0,0,0,0,184,1,0,1,0,0,0,0,0,0,0,0,0,0,0,0
kennethreitz:python-guide,1,1,0,3,0,0,0,0,0,0,0,0,0,0,0,42,3,0,0,0,0,0,0,0,0,0,0,0,0,0,0,111,1,3,1,0,0,0,0,0,0,1,0,0,0,0,0,74,0,17,10,1,0,0,0,0,0,0,0,0,1,0,0
angular:angular-cli,9,0,0,16,1,0,0,1,0,0,0,0,0,0,0,4879,9,0,0,16,0,0,0,0,0,0,0,0,0,0,0,819,1,4,3,2,0,0,0,0,0,0,0,0,0,0,0,2423,23,29,68,25,5,1,13,0,0,0,2,0,0,0,6
astaxie:beego,3,0,1,7,0,0,0,2,0,0,0,0,0,0,0,221,1,0,0,3,0,0,0,0,0,0,0,0,0,0,0,305,1,4,5,2,0,0,0,1,0,0,0,0,0,0,0,480,3,14,25,6,0,2,2,1,0,0,0,0,1,0,3
naptha:tesseract.js,0,0,0,0,0,0,0,0,0,0,0,0,0,0,0,70,0,0,0,1,0,0,0,0,0,0,0,0,0,0,0,36,0,0,0,0,0,0,0,0,0,0,0,0,0,0,0,46,0,0,0,1,0,0,0,2,0,0,0,0,0,0,0
mongodb:mongo,0,2,0,28,0,0,0,6,2,0,0,0,1,0,0,37,7,0,0,2,2,0,0,2,1,0,0,5,4,0,0,63,0,3,1,0,0,0,0,1,0,0,0,0,0,0,0,36,1,7,15,0,1,0,0,1,0,0,2,1,0,0,0
DefinitelyTyped:DefinitelyTyped,38,0,2,83,0,0,0,13,0,0,0,1,0,0,0,1234,35,0,2,17,1,0,0,3,0,0,0,0,0,0,0,1972,5,112,138,13,0,2,0,2,1,0,0,0,0,0,0,1856,103,270,588,33,5,7,27,9,4,3,11,13,2,2,17
PerfectlySoft:Perfect,0,0,0,0,0,0,0,0,0,0,0,0,0,0,0,103,1,0,0,0,0,0,0,0,0,0,0,0,0,0,0,61,0,1,0,0,0,0,0,0,0,0,0,0,0,0,0,80,0,0,0,1,0,0,0,0,0,0,0,1,0,0,0
MostlyAdequate:mostly-adequate-guide,1,0,1,1,0,0,0,0,0,0,0,0,0,0,0,60,0,0,0,2,1,0,0,0,0,0,0,0,0,0,0,46,0,1,0,0,0,0,0,0,0,0,0,0,0,0,0,65,1,0,2,0,0,0,0,1,1,0,0,0,0,0,0
oneuijs:You-Dont-Need-jQuery,1,0,2,0,0,0,0,0,0,0,0,0,0,0,0,8,1,1,0,0,0,0,0,0,0,0,0,0,0,0,0,26,0,2,1,0,0,0,0,0,0,0,0,0,0,0,0,17,0,2,6,0,0,0,0,0,0,0,0,0,0,0,0
facebook:jest,9,0,0,3,0,0,0,6,0,0,0,1,0,0,0,1242,9,0,1,5,0,0,0,0,0,0,0,0,0,0,0,513,2,8,8,1,0,0,0,0,0,0,0,0,0,0,0,958,26,39,104,7,0,1,9,0,0,1,1,0,0,1,7
kilimchoi:engineering-blogs,0,0,0,4,0,0,0,1,0,0,0,0,0,0,0,17,0,0,0,0,0,0,0,0,0,0,0,0,0,0,0,104,0,0,0,0,0,0,0,0,0,0,0,0,0,0,0,106,0,0,0,0,0,0,0,0,0,0,0,1,0,0,0
legomushroom:mojs,0,1,0,3,0,0,0,1,0,0,0,0,0,0,0,37,0,0,0,1,0,0,0,0,0,0,0,0,0,0,0,29,0,1,0,0,0,0,0,0,0,0,0,1,0,0,0,63,1,0,1,1,0,0,0,0,0,0,0,0,1,0,0
wagerfield:parallax,0,0,0,0,0,0,0,0,0,0,0,0,0,0,0,69,0,0,0,1,0,0,0,0,0,0,0,0,0,0,0,67,0,0,0,0,0,0,0,0,0,0,0,0,0,0,0,40,0,0,0,1,0,0,0,0,0,0,0,1,0,0,0
remy:nodemon,1,0,0,4,0,0,0,1,0,0,0,0,0,0,0,604,0,0,0,3,0,0,0,0,0,0,0,0,0,0,0,175,0,0,1,0,0,0,0,1,0,0,0,0,0,0,0,252,0,1,3,1,0,0,0,0,0,1,0,0,0,1,1
ipython:ipython,2,1,0,3,0,0,0,1,0,0,0,1,0,0,0,732,0,0,0,0,0,0,0,0,0,0,0,0,0,0,0,491,1,7,4,1,0,0,0,0,0,0,0,0,0,0,0,758,12,30,51,4,0,0,0,0,1,0,3,0,0,0,2
Mashape:kong,3,0,0,2,0,0,0,4,0,0,0,0,0,0,0,641,3,0,0,1,1,0,0,1,0,0,0,0,0,0,0,162,1,3,0,0,0,0,0,0,0,0,0,0,0,0,0,494,10,12,31,3,0,0,6,0,0,0,0,0,0,0,10
etsy:statsd,0,0,0,0,0,0,0,1,0,0,0,0,0,0,0,72,1,0,0,0,0,0,0,0,0,0,0,0,0,0,0,76,0,1,0,0,0,0,0,0,0,0,0,0,0,0,0,58,1,0,1,1,0,0,0,0,0,0,0,0,0,0,0
ccgus:fmdb,0,1,0,1,0,0,0,0,0,0,0,0,0,0,0,109,0,0,0,0,0,0,0,0,0,0,0,0,0,0,0,79,0,0,0,0,0,0,0,0,0,0,0,0,0,0,0,125,2,0,1,1,0,0,0,1,0,0,0,1,0,1,0
drduh:macOS-Security-and-Privacy-Guide,1,1,0,0,0,0,0,0,0,0,0,0,0,0,0,34,0,0,0,0,0,0,0,0,0,0,0,0,0,0,0,19,0,0,0,0,0,0,0,0,0,0,0,0,0,0,0,21,2,1,1,0,0,0,0,0,0,0,0,0,0,0,0
jiahaog:nativefier,2,0,0,2,0,0,0,0,0,0,0,0,0,0,0,182,0,0,0,0,0,0,0,0,0,0,0,0,0,0,0,105,0,0,1,0,0,0,0,0,0,0,0,0,0,0,0,180,1,5,7,0,0,0,0,0,0,0,0,0,0,0,1
terryum:awesome-deep-learning-papers,0,0,0,1,0,0,0,1,0,0,0,0,0,0,0,8,0,0,0,0,0,0,0,0,0,0,0,0,0,0,0,26,0,0,0,0,0,0,0,0,0,0,0,0,0,0,0,14,0,0,0,0,0,0,0,0,0,0,0,0,0,0,0
gin-gonic:gin,3,0,0,3,0,0,0,1,0,0,0,0,0,0,0,304,0,0,0,5,0,0,0,0,0,0,0,0,0,0,0,186,0,3,0,2,0,0,0,0,0,0,0,0,0,0,0,347,3,5,5,7,0,0,0,1,0,0,0,0,1,0,2
node-inspector:node-inspector,1,0,0,2,0,0,0,0,0,0,0,0,0,0,0,805,1,0,0,0,0,0,0,0,0,0,0,0,0,0,0,143,0,0,0,0,0,0,0,0,0,0,0,0,0,0,0,199,0,4,7,2,0,0,0,0,0,0,1,0,1,0,1
fzaninotto:Faker,3,5,2,3,0,0,0,1,0,0,0,0,0,0,0,78,1,0,0,0,0,0,0,0,0,0,0,0,0,0,0,223,0,16,15,1,0,0,0,0,0,0,0,0,0,0,0,183,4,41,40,1,1,0,1,1,0,0,0,0,0,1,1
julycoding:The-Art-Of-Programming-By-July,0,0,0,1,0,0,0,0,0,0,0,0,0,0,0,38,0,0,0,0,0,0,0,0,0,0,0,0,0,0,0,14,0,0,0,0,0,0,0,0,0,0,0,0,0,0,0,7,0,0,0,0,0,0,0,1,0,0,0,0,0,0,0
gruntjs:grunt,1,0,0,2,0,0,0,0,0,0,0,0,0,0,0,364,2,0,0,1,1,0,0,0,0,0,0,0,0,0,0,154,0,0,0,1,0,0,0,0,0,0,0,0,0,0,0,124,2,6,2,1,1,0,0,0,0,0,1,0,0,0,2
caskroom:homebrew-cask,8,26,32,42,1,0,0,5,0,0,0,1,0,0,0,518,8,2,0,6,0,0,1,0,0,0,0,0,0,0,0,1454,0,129,80,14,0,2,5,0,0,0,0,1,0,0,0,1302,7,411,326,36,1,9,31,3,1,3,2,0,0,1,9
prometheus:prometheus,3,0,0,1,0,0,0,1,0,0,0,0,0,0,0,311,3,0,0,0,0,0,0,0,0,0,0,0,0,0,0,178,0,4,4,0,0,0,1,0,0,0,0,0,0,0,0,407,6,34,82,2,1,0,3,0,0,0,0,0,0,0,5
ionic-team:ionicons,0,0,0,0,0,0,0,0,0,0,0,0,0,0,0,26,0,0,0,0,0,0,0,0,0,0,0,0,0,0,0,13,0,0,0,0,0,0,0,0,0,0,0,0,0,0,0,4,0,0,0,0,0,0,0,0,0,0,0,0,0,0,0
jaredhanson:passport,0,0,0,0,0,0,0,0,0,0,0,0,0,0,0,297,0,0,0,0,0,0,0,0,0,0,0,0,0,0,0,142,0,0,0,0,0,0,0,0,0,0,0,0,0,0,0,103,0,0,0,0,0,0,0,0,0,0,0,0,0,0,0
influxdata:influxdb,7,1,0,0,0,0,0,1,0,0,0,0,0,0,0,985,3,0,0,1,0,0,0,0,0,0,0,0,0,0,0,435,0,5,2,0,0,0,1,0,0,0,0,0,0,0,0,718,3,14,47,5,1,0,3,0,0,0,5,1,0,0,5
VincentGarreau:particles.js,0,0,0,0,0,0,0,0,0,0,0,0,0,0,0,134,0,0,0,0,0,0,0,0,0,0,0,0,0,0,0,65,0,0,0,0,0,0,0,0,0,0,0,0,0,0,0,57,0,0,0,0,0,0,0,0,0,0,0,0,0,0,0
cmderdev:cmder,0,0,0,5,0,0,0,2,0,0,0,0,0,0,0,697,1,0,0,3,0,0,0,0,0,0,0,0,0,0,0,292,1,0,1,0,0,0,0,0,0,0,0,0,0,0,0,333,1,1,1,1,0,0,1,2,0,0,0,0,2,0,2
bailicangdu:vue2-elm,0,0,0,1,0,0,0,0,0,0,0,0,0,0,0,71,0,0,0,0,0,0,0,0,0,0,0,0,0,0,0,58,0,0,0,0,0,0,0,0,0,0,0,0,0,0,0,76,0,0,1,0,0,0,0,1,0,0,0,0,0,0,0
diaspora:diaspora,7,0,0,2,0,0,0,4,0,0,0,0,0,0,0,158,0,0,0,1,0,0,0,0,0,0,0,0,0,0,0,174,0,4,1,0,0,0,0,0,0,0,0,0,0,0,0,192,1,29,42,0,0,0,5,0,0,0,2,1,0,0,6
exacity:deeplearningbook-chinese,0,0,0,0,0,0,0,0,0,0,0,0,0,0,0,77,0,0,0,0,0,0,0,0,0,0,0,0,0,0,0,31,0,0,0,0,0,0,0,0,0,0,0,0,0,0,0,41,0,0,0,1,0,0,0,1,0,0,0,1,0,0,0
Marak:faker.js,1,1,0,1,0,0,0,2,0,0,0,0,0,0,0,114,0,0,0,0,0,0,0,0,0,0,0,0,0,0,0,111,0,0,1,1,0,0,0,0,0,0,0,0,0,0,0,132,2,8,3,0,0,0,0,0,0,0,0,0,1,0,0
browserify:browserify,0,0,0,0,0,0,0,0,0,0,0,0,0,0,0,0,1,0,0,0,0,0,0,0,0,0,0,0,0,0,0,1,0,0,0,0,0,0,0,0,0,0,0,0,0,0,0,0,0,1,0,0,0,0,0,0,0,0,0,0,0,0,0
avajs:ava,4,0,0,5,0,0,0,1,0,0,0,0,0,0,0,224,7,0,0,1,0,0,0,0,0,0,0,0,0,0,0,84,0,1,2,1,0,0,0,0,0,0,0,0,0,0,0,162,8,17,40,1,0,0,2,0,0,0,0,0,0,0,4
visionmedia:superagent,2,0,0,3,0,0,0,2,0,0,0,0,0,0,0,390,0,0,0,0,0,0,0,0,0,0,0,0,0,0,0,194,0,0,0,1,0,0,0,0,0,0,0,0,0,0,0,310,1,5,12,4,0,0,2,0,1,0,1,1,0,0,1
wekan:wekan,0,0,0,4,0,0,0,0,0,0,0,0,0,0,0,361,0,0,0,3,0,0,0,0,0,0,0,0,0,0,0,173,0,1,0,1,0,0,0,0,0,0,0,0,0,0,0,249,2,4,5,4,0,0,1,1,0,0,0,1,0,0,3
github:hub,1,0,0,13,0,0,0,2,0,0,0,0,0,0,0,337,0,0,0,1,0,0,0,0,0,0,0,0,0,0,0,204,0,2,1,0,0,0,0,0,0,0,0,0,0,0,0,341,0,6,27,3,0,0,1,0,0,0,1,0,0,0,2
MengTo:Spring,0,0,0,0,0,0,0,0,0,0,0,0,0,0,0,119,0,0,0,0,0,0,0,0,0,0,0,0,0,0,0,59,0,0,0,0,0,0,0,0,0,0,0,0,0,0,0,95,0,0,0,0,0,0,0,0,0,0,0,0,0,0,0
grpc:grpc,11,0,0,8,1,0,0,2,0,0,0,0,0,0,0,961,14,0,0,0,2,0,0,0,0,0,0,0,0,0,0,268,0,2,2,0,0,0,0,0,0,0,0,0,0,0,0,799,20,21,79,6,2,0,10,1,0,1,8,1,0,0,15
chrisbanes:PhotoView,0,0,0,5,0,0,0,0,0,0,0,0,0,0,0,204,0,0,0,0,0,0,0,1,0,0,0,0,0,0,0,163,0,0,0,0,0,0,0,0,0,0,0,0,0,0,0,109,0,0,0,0,0,0,0,1,0,0,0,0,0,0,0
realm:realm-cocoa,1,0,0,1,0,0,0,1,0,0,0,0,0,0,0,1061,2,0,1,0,1,0,0,0,0,0,0,0,0,0,0,328,0,0,0,1,0,0,0,0,0,0,0,0,0,0,0,1088,8,3,9,9,0,0,0,0,0,0,2,0,0,0,10
inconshreveable:ngrok,0,0,0,1,0,0,0,0,0,0,0,0,0,0,0,215,0,0,0,0,0,0,0,0,0,0,0,0,0,0,0,137,0,0,0,0,0,0,0,0,0,0,0,0,0,0,0,86,0,0,0,0,0,0,0,1,0,0,0,0,0,0,0
netty:netty,7,12,0,13,0,0,0,17,0,0,0,0,0,0,0,279,5,0,0,3,1,0,0,0,0,0,0,0,0,0,0,226,0,4,0,0,1,0,0,4,0,0,1,0,0,0,0,499,15,19,93,10,1,0,7,12,2,4,28,1,0,1,15
RubaXa:Sortable,1,0,1,6,0,0,0,1,0,0,0,0,0,0,0,532,0,0,0,1,0,0,0,0,0,0,0,1,0,0,0,258,0,0,5,0,0,0,0,0,0,0,0,0,0,1,0,364,0,18,4,2,0,0,1,2,0,1,0,0,1,0,0
janl:mustache.js,1,0,0,4,0,0,0,0,0,0,0,0,0,0,0,33,1,0,0,0,1,0,0,0,0,0,0,0,0,0,0,51,0,2,0,0,0,0,0,0,0,0,0,0,0,0,0,83,0,4,3,0,0,0,0,1,0,1,0,1,1,0,1
sequelize:sequelize,1,0,1,4,1,0,0,2,0,0,0,0,0,0,0,1473,9,0,1,4,0,0,0,0,0,0,0,0,0,0,0,783,0,9,6,1,0,0,0,0,0,0,0,0,0,0,0,1515,9,60,132,11,1,2,8,1,0,1,0,1,0,0,5
infernojs:inferno,3,0,0,0,0,0,0,0,0,0,0,0,0,0,0,74,1,0,0,0,1,0,0,0,0,0,0,0,0,0,0,62,0,1,2,0,0,0,0,0,0,0,0,0,0,0,0,135,1,2,11,4,0,0,0,0,0,0,1,1,1,0,1
ruanyf:react-demos,0,0,0,0,0,0,0,0,0,0,0,0,0,0,0,5,0,0,0,0,0,0,0,0,0,0,0,0,0,0,0,15,0,0,0,0,0,0,0,0,0,0,0,0,0,0,0,5,0,0,0,0,0,0,0,0,0,0,0,0,0,0,0
alibaba:dubbo,1,0,0,42,0,0,0,5,0,0,0,0,0,0,0,288,0,0,0,6,0,0,0,3,0,0,0,1,0,0,0,178,0,1,0,3,0,0,0,0,0,0,0,1,0,0,0,132,0,1,0,5,0,0,0,2,1,0,0,0,0,0,0
apache:incubator-mxnet,3,1,4,0,0,0,0,0,0,0,0,0,0,0,0,66,2,0,0,1,0,0,0,0,0,0,0,0,0,0,0,100,0,2,2,1,0,0,0,0,0,0,0,0,0,0,0,90,9,7,25,0,0,0,1,0,1,0,1,0,0,0,2
afollestad:material-dialogs,1,0,0,2,0,0,0,1,0,0,0,0,0,0,0,252,0,0,0,1,0,0,0,0,0,0,0,0,0,0,0,333,0,0,1,0,0,0,0,0,0,0,0,0,0,0,0,449,1,2,2,10,0,0,0,0,0,0,0,1,1,0,0
scottjehl:Respond,0,0,0,1,0,0,0,0,0,0,0,0,0,0,0,46,1,0,0,0,0,0,0,1,0,0,0,0,0,0,0,29,0,0,1,0,0,0,0,0,0,0,0,0,0,0,0,15,0,0,0,0,0,0,0,0,0,0,0,0,0,0,0
vapor:vapor,0,0,0,1,0,0,0,1,0,0,0,0,0,0,0,110,0,0,0,0,0,0,0,0,0,0,0,0,0,0,0,66,0,1,0,0,0,0,0,0,0,0,0,0,0,0,0,133,1,6,14,1,0,0,1,0,0,0,0,0,0,0,0
NativeScript:NativeScript,1,0,0,2,0,0,0,2,0,0,0,0,0,0,0,760,1,0,0,1,0,0,0,0,0,0,0,0,0,0,0,192,0,0,0,0,0,0,0,0,0,0,0,0,0,0,0,715,4,11,15,7,1,0,1,0,0,0,2,1,0,0,5
yabwe:medium-editor,0,0,0,0,0,0,0,0,0,0,0,0,0,0,0,163,1,0,0,0,0,0,0,0,0,0,0,0,0,0,0,142,0,1,1,0,0,0,0,0,0,0,0,0,0,0,0,207,2,7,19,0,0,0,1,0,0,0,0,0,0,0,3
cockroachdb:cockroach,1,0,1,0,0,0,0,1,0,0,0,0,0,0,0,167,5,0,0,1,1,0,0,0,0,0,0,0,0,0,0,78,1,4,1,0,0,0,0,0,0,0,0,0,0,0,0,228,5,16,48,3,0,0,4,0,0,0,3,0,0,0,16
drone:drone,3,0,0,2,0,0,0,1,0,0,0,0,0,0,0,315,7,0,0,1,0,0,0,0,0,0,0,0,0,0,0,196,0,1,4,1,0,0,0,0,0,0,0,0,0,0,0,304,8,13,38,5,0,0,3,2,0,0,0,0,0,0,2
git-tips:tips,0,2,0,2,1,0,0,1,0,0,0,0,0,0,0,9,0,0,0,2,0,0,0,0,0,0,0,0,0,0,0,20,0,0,1,0,0,0,1,0,0,0,0,0,0,0,0,30,0,3,1,1,1,0,0,2,0,0,0,0,1,0,0
mobxjs:mobx,0,1,0,0,0,0,0,1,0,0,0,0,0,0,0,235,1,0,0,0,0,0,0,0,0,0,0,0,0,0,0,162,0,0,1,0,0,0,1,0,0,0,0,0,0,0,0,371,8,4,12,2,1,0,0,0,0,0,0,1,0,0,2
jlund:streisand,0,0,1,1,0,0,0,1,0,0,0,0,0,0,0,190,1,0,0,1,0,0,0,0,0,0,0,0,0,0,0,125,0,1,0,0,0,0,0,0,0,0,0,0,0,0,0,256,0,3,8,4,0,0,4,0,0,0,0,0,1,0,2
mattermost:mattermost-server,0,0,0,0,0,0,0,0,0,0,0,0,0,0,0,0,0,0,0,0,0,0,0,0,0,0,0,0,0,0,0,0,0,0,0,0,0,0,0,0,0,0,0,0,0,0,0,0,0,0,0,0,0,0,0,0,0,0,0,0,0,0,0
requirejs:requirejs,0,0,0,1,0,0,0,0,0,0,0,0,0,0,0,59,0,0,0,0,0,0,0,0,0,0,0,0,0,0,0,95,0,0,0,0,0,0,0,0,0,0,0,0,0,0,0,72,0,0,0,0,0,0,0,1,0,0,0,0,0,0,0
donnemartin:interactive-coding-challenges,0,0,0,2,0,0,0,1,0,0,0,0,0,0,0,2,0,0,0,0,0,0,0,0,0,0,0,0,0,0,0,21,0,3,0,0,0,0,0,0,0,0,0,0,0,0,0,24,0,1,1,0,0,0,0,0,1,0,0,0,0,0,0
Netflix:Hystrix,0,0,0,0,0,0,0,2,0,0,0,0,0,0,0,158,3,0,0,1,0,0,0,0,0,0,0,0,0,0,0,138,0,1,0,0,0,0,0,0,0,0,0,0,0,0,0,265,4,4,6,2,0,0,0,0,0,0,1,0,0,0,1
elixir-lang:elixir,4,0,3,7,1,0,0,2,0,0,0,0,0,0,0,219,3,0,0,2,1,0,1,0,0,1,0,0,0,0,0,269,3,7,15,3,0,0,0,1,0,0,0,0,0,0,0,448,12,52,114,11,3,1,20,0,0,0,1,0,0,0,10
chriskempson:tomorrow-theme,0,0,0,1,0,0,0,0,0,0,0,0,0,0,0,27,0,0,0,0,0,0,0,0,0,0,0,0,0,0,0,15,0,0,0,0,0,0,0,0,0,0,0,0,0,0,0,9,0,0,0,0,0,0,0,0,0,0,0,1,0,0,0
react-bootstrap:react-bootstrap,2,0,1,7,0,0,0,2,0,0,0,0,0,0,0,622,3,0,1,1,0,0,0,0,0,0,0,0,0,0,0,503,0,3,0,1,0,0,0,0,0,0,0,0,0,0,0,708,4,20,52,1,0,0,1,1,1,0,0,1,0,0,4
JacksonTian:fks,0,0,0,2,0,0,0,0,0,0,0,0,0,0,0,14,0,0,0,0,0,0,0,0,1,0,0,0,0,0,0,20,0,0,0,0,0,0,0,0,0,0,0,0,0,0,0,6,0,0,1,0,0,0,0,0,0,0,0,0,0,0,0
keystonejs:keystone,1,0,0,8,0,0,0,2,0,0,0,0,0,0,0,613,1,0,1,1,0,0,0,0,0,0,0,0,0,0,0,235,0,2,0,1,0,0,0,1,0,0,0,0,0,0,0,484,5,19,20,12,1,1,5,1,0,0,2,1,4,1,9
facebook:draft-js,2,0,0,4,0,0,0,4,0,0,0,0,0,0,0,510,4,0,0,2,1,0,0,0,0,0,0,0,0,0,0,159,0,3,2,0,0,0,0,0,0,0,0,0,0,0,0,370,11,14,28,1,0,1,0,0,0,1,1,0,0,0,3
CoderMJLee:MJRefresh,0,0,0,18,0,0,0,5,0,0,0,0,0,0,0,318,0,0,0,3,0,0,0,0,0,0,0,1,0,0,0,197,0,0,0,0,0,0,0,0,0,0,0,0,0,0,0,327,0,0,0,2,0,0,0,0,0,0,0,1,0,0,0
google:styleguide,4,0,0,3,0,0,0,2,0,0,0,0,0,0,0,81,3,0,0,2,0,0,0,1,1,0,0,0,0,0,0,35,0,1,0,0,0,0,0,0,0,0,0,0,0,0,0,63,2,3,4,2,0,0,0,1,0,0,1,0,0,0,0
cocos2d:cocos2d-x,2,3,2,19,0,0,0,4,0,0,0,0,0,0,0,502,4,0,0,2,0,0,0,0,0,0,0,0,0,0,0,380,0,14,7,3,0,0,0,1,0,1,0,0,0,0,0,680,7,32,79,17,1,1,9,2,0,1,2,0,0,0,15
pandas-dev:pandas,1,0,1,2,0,0,0,2,0,0,0,0,0,0,0,303,7,0,0,1,0,0,0,0,0,0,0,0,0,0,0,535,0,21,9,0,0,0,0,0,0,0,0,0,0,0,0,505,7,74,193,0,1,0,9,0,0,0,2,0,0,0,6
jessesquires:JSQMessagesViewController,1,0,0,1,0,0,0,1,0,0,0,0,0,0,0,553,1,0,0,2,0,0,0,0,0,0,0,0,0,0,0,308,0,3,0,1,0,0,0,0,0,0,0,0,0,0,0,520,1,13,16,1,0,0,1,0,0,1,0,0,1,0,0
ibireme:YYKit,0,0,0,0,0,0,0,1,0,0,0,0,0,0,0,100,0,0,0,0,0,0,0,0,0,0,0,0,1,0,0,78,0,0,0,1,0,0,0,0,0,0,0,0,0,0,0,131,0,0,1,1,0,0,0,0,0,0,0,0,0,0,0
yiisoft:yii2,5,1,1,30,0,0,0,3,0,0,0,0,0,0,0,935,10,0,1,9,2,0,0,0,0,0,0,0,0,0,0,774,1,16,13,7,0,0,2,0,0,0,0,2,0,0,0,1503,11,70,116,39,1,7,31,0,0,0,2,1,2,2,14
angular:material2,7,1,3,11,0,0,0,1,0,0,0,0,0,0,0,1410,9,0,2,3,4,0,0,0,0,0,0,0,0,0,0,543,2,0,5,0,0,0,0,0,0,0,0,0,0,0,0,1193,25,30,54,16,2,1,10,0,0,0,2,0,0,0,6
Mantle:Mantle,2,1,0,2,0,0,0,0,0,0,0,0,0,0,0,95,1,0,0,0,0,0,0,0,0,0,0,0,0,0,0,100,0,0,2,0,0,0,0,0,0,0,0,0,0,0,0,152,3,3,8,3,0,0,1,0,0,0,0,0,1,1,2
SnapKit:SnapKit,0,0,0,0,0,0,0,0,0,0,0,0,0,0,0,126,1,0,0,0,1,0,0,0,0,0,0,0,0,0,0,88,0,1,0,0,0,0,0,0,0,0,0,0,0,0,0,176,1,3,3,2,0,0,0,0,0,0,0,0,1,0,0
jfeinstein10:SlidingMenu,0,0,0,1,0,0,0,1,0,0,0,0,0,0,0,130,0,0,0,0,0,0,0,0,0,0,0,0,0,0,0,61,0,0,0,0,0,0,0,0,0,0,0,0,0,0,0,27,0,0,0,0,0,0,0,0,0,0,0,0,0,0,0
CodeHubApp:CodeHub,0,0,0,0,0,0,0,0,0,0,0,0,0,0,0,2,0,0,0,0,0,0,0,0,0,0,0,0,0,0,0,3,0,0,0,0,0,0,0,0,0,0,0,0,0,0,0,1,0,0,0,0,0,0,0,0,0,0,0,0,0,0,0
ReactiveX:RxSwift,1,0,0,2,0,0,0,0,0,0,0,0,0,0,0,157,2,0,0,3,0,0,0,0,0,0,0,0,0,0,0,115,0,4,4,1,0,0,0,0,0,0,0,0,0,0,0,407,4,11,27,6,1,1,4,0,1,1,0,1,0,0,1
substack:stream-handbook,0,1,0,2,0,0,0,2,0,0,0,0,0,0,0,13,1,0,0,1,0,0,0,0,0,0,0,0,0,0,0,15,0,0,0,0,0,0,0,0,0,0,0,0,0,0,0,9,0,0,1,0,0,0,0,0,0,0,0,0,0,0,0
isagalaev:highlight.js,2,0,2,2,0,0,0,0,0,0,0,0,0,0,0,156,0,0,0,0,0,0,0,0,0,0,0,0,0,0,0,204,0,4,5,1,0,0,0,0,0,0,0,0,0,0,0,316,4,13,14,5,0,0,1,0,0,0,2,1,1,0,1
nolimits4web:Framework7,0,0,0,3,0,0,0,2,0,0,0,0,0,0,0,229,0,0,0,2,0,0,0,0,0,0,0,0,0,0,0,217,0,1,0,0,0,0,0,0,0,0,0,0,0,0,0,380,1,0,1,9,0,0,0,0,0,0,0,1,1,0,0
airbnb:enzyme,5,4,3,3,0,0,0,1,0,0,0,0,0,0,0,558,12,0,0,0,1,0,0,0,0,0,0,0,0,0,0,154,1,4,2,0,0,0,0,0,0,0,0,0,0,0,0,381,3,19,50,3,1,0,2,0,0,0,2,0,0,1,4
google:leveldb,0,0,0,3,0,0,0,2,0,0,0,0,0,0,0,73,0,0,0,1,0,0,0,0,0,0,0,0,0,0,0,62,0,0,0,0,0,0,0,0,0,0,0,0,0,0,0,88,0,0,0,1,0,0,0,1,0,0,0,2,0,0,0
alibaba:fastjson,0,0,0,7,0,0,0,3,0,0,0,1,0,0,0,253,0,0,0,2,0,0,0,1,0,0,0,0,0,0,0,307,0,0,0,0,0,0,0,0,0,0,0,0,0,0,0,475,0,0,3,8,0,0,0,0,1,0,0,1,0,0,0
fbsamples:f8app,3,0,0,2,1,0,0,2,0,0,0,0,0,0,0,269,2,0,0,2,0,0,0,0,0,0,0,0,1,0,0,53,0,0,0,0,0,0,0,0,0,0,0,0,0,0,0,67,0,3,1,2,0,0,0,0,0,0,0,0,0,0,0
uikit:uikit,1,0,0,4,0,0,0,2,0,0,0,0,0,0,0,445,1,0,0,1,0,0,0,0,0,0,0,0,2,0,0,375,1,0,0,0,0,0,0,0,0,0,0,0,0,0,0,551,2,3,3,10,0,0,2,1,0,0,0,1,0,0,0
magicalpanda:MagicalRecord,1,0,0,3,0,0,0,0,0,0,0,0,0,0,0,209,0,0,0,0,0,0,0,0,0,0,0,0,0,0,0,111,0,0,0,0,0,0,0,0,0,0,0,0,0,0,0,125,1,3,1,1,0,0,0,0,0,0,0,1,0,0,1
Flipboard:react-canvas,1,0,0,2,0,0,0,1,0,0,0,0,0,0,0,70,0,1,0,0,0,0,0,0,0,0,0,0,0,0,0,29,0,0,0,0,0,0,0,0,0,0,0,0,0,0,0,48,1,1,0,1,0,0,0,1,0,0,0,0,0,0,0
wearehive:project-guidelines,0,0,0,0,0,0,0,0,0,0,0,0,0,0,0,4,1,0,0,0,0,0,0,0,0,0,0,0,0,0,0,4,0,0,1,0,0,0,0,0,0,0,0,0,0,0,0,14,0,2,0,0,0,0,0,0,0,0,0,0,0,0,0
cayleygraph:cayley,1,0,1,0,0,0,0,0,0,0,0,0,0,0,0,21,0,1,0,2,0,0,0,0,0,0,0,0,0,0,0,77,0,0,2,0,0,0,0,0,0,0,0,0,0,0,0,31,1,2,4,0,0,0,2,0,0,0,0,0,0,0,1
airbnb:lottie-ios,3,0,1,2,0,0,0,1,0,0,0,0,0,0,0,125,0,0,1,0,0,0,0,0,0,0,0,0,0,0,0,98,0,0,0,0,0,0,0,0,0,0,0,0,0,0,0,135,1,4,3,0,0,0,0,0,0,0,0,0,0,0,1
facebookresearch:fastText,1,0,0,1,0,0,0,2,0,0,0,0,0,0,0,108,1,0,0,1,0,0,0,2,0,0,0,0,0,0,0,89,0,0,0,0,0,0,0,0,0,0,0,0,0,0,0,112,1,2,0,1,0,0,1,0,0,0,0,0,0,0,0
ampproject:amphtml,11,0,1,5,0,0,0,3,0,0,0,0,0,0,0,459,8,0,0,0,1,0,0,0,0,0,0,0,0,0,0,268,1,3,4,1,0,0,0,0,0,0,1,0,0,0,0,556,26,87,210,1,0,0,16,1,0,2,2,0,0,1,8
GoogleChrome:lighthouse,3,0,0,3,0,0,0,1,0,0,0,0,0,0,0,166,7,0,0,2,0,0,0,0,0,0,0,0,0,0,0,613,0,0,0,0,0,0,0,0,0,0,0,0,0,0,0,266,7,10,43,0,0,0,3,0,0,0,2,0,0,0,6
docker:compose,6,0,0,5,0,0,0,1,0,0,0,0,0,0,0,3493,11,0,0,4,0,0,0,0,0,0,0,0,0,0,0,589,1,10,1,1,0,0,0,0,0,0,0,0,0,0,0,1432,18,36,64,5,1,1,0,1,0,0,1,0,0,0,4
tj:git-extras,1,0,1,1,0,0,0,0,0,0,0,0,0,0,0,40,0,0,0,1,0,0,0,0,0,0,0,0,0,0,0,80,0,0,0,0,0,0,0,0,0,0,0,0,0,0,0,79,2,6,17,3,0,0,1,1,0,0,0,2,2,0,0
sass:sass,0,0,1,6,0,0,0,1,0,0,0,0,0,0,0,736,0,0,0,0,0,0,0,0,0,0,0,0,0,0,0,266,0,0,0,0,0,0,0,0,0,0,0,0,0,0,0,325,0,1,5,2,1,0,0,0,0,0,1,0,1,0,0
apache:incubator-predictionio,1,0,0,0,0,0,0,0,0,0,0,0,0,0,0,46,2,0,0,0,0,0,0,0,0,0,0,0,1,0,0,30,0,1,0,0,0,0,0,0,0,0,0,0,0,0,0,31,2,3,5,0,0,0,2,0,0,0,0,0,0,0,0
amazeui:amazeui,0,0,0,2,0,0,0,1,0,0,0,0,0,0,0,35,0,0,0,1,0,0,0,0,0,0,0,0,0,0,0,104,0,0,0,0,0,0,0,0,0,0,0,0,0,0,0,74,0,0,0,0,0,0,0,0,0,0,0,0,0,0,0
graphcool:chromeless,2,0,0,1,0,0,0,0,0,0,0,0,0,0,0,101,0,0,0,0,0,0,0,0,0,0,0,0,0,0,0,37,0,0,1,0,0,0,0,0,0,0,0,0,0,0,0,80,4,4,6,0,0,0,0,0,0,0,0,0,0,0,1
lkzhao:Hero,0,0,0,1,0,0,0,1,0,0,0,0,0,0,0,78,1,0,0,0,0,0,0,0,0,0,0,0,0,0,0,55,0,0,2,0,0,0,0,0,0,0,0,0,0,0,0,93,0,3,4,2,0,0,1,0,0,0,0,0,1,0,0
PhilJay:MPAndroidChart,0,0,0,9,0,0,0,2,0,0,0,0,0,0,0,854,0,0,0,5,0,0,0,0,0,0,0,1,0,0,0,560,0,0,0,3,0,0,0,0,0,0,0,0,0,0,0,919,2,2,3,8,1,0,0,0,0,0,0,1,1,0,1
fastlane:fastlane,12,0,0,10,0,0,0,2,0,0,0,0,0,0,0,1657,9,1,0,6,1,0,0,1,0,0,0,0,0,0,0,422,0,13,9,2,0,0,0,0,0,0,0,0,0,0,0,1769,18,109,171,17,0,3,5,2,0,0,3,0,0,1,10
astaxie:build-web-application-with-golang,0,1,0,3,0,0,0,3,0,0,0,0,0,0,0,36,1,0,0,0,0,0,0,0,1,0,0,0,0,0,0,45,0,0,1,0,0,0,0,0,0,0,0,0,0,0,0,43,0,0,3,1,0,0,0,0,0,0,0,0,0,0,0
ReactiveCocoa:ReactiveCocoa,3,2,0,6,0,0,0,3,0,0,0,0,0,0,0,221,3,0,0,1,0,0,0,0,1,0,0,0,0,0,0,145,0,2,0,0,0,0,0,1,0,0,0,0,0,0,0,382,7,23,50,2,1,1,5,0,0,0,4,1,0,0,8
open-guides:og-aws,5,1,1,3,0,0,0,0,0,0,0,0,0,0,0,36,3,1,0,1,0,0,0,0,0,0,0,0,0,0,0,45,0,7,5,0,0,0,0,0,0,1,0,0,0,0,0,36,3,22,33,0,0,0,0,0,0,0,0,0,0,0,1
balderdashy:sails,1,0,0,12,0,0,0,2,0,0,0,0,0,0,0,655,0,0,0,2,1,0,0,0,0,0,0,0,0,0,0,382,0,0,1,0,0,0,0,1,0,0,0,0,0,0,0,727,1,4,5,8,0,0,1,2,0,0,2,0,2,0,2
FreeCodeCampChina:freecodecamp.cn,0,0,0,3,0,0,0,1,0,0,0,0,0,0,0,133,0,0,0,0,0,0,0,0,0,0,0,1,0,0,0,157,0,0,0,1,0,0,0,0,0,0,0,0,0,0,0,91,0,1,2,1,0,0,0,0,0,0,0,0,0,0,0
bumptech:glide,0,0,0,2,0,0,0,0,0,0,0,0,0,0,0,446,1,0,0,0,0,0,0,0,0,0,0,0,0,0,0,355,1,0,0,1,0,0,0,0,0,0,0,0,0,0,0,873,0,9,16,6,0,0,0,1,0,0,0,0,0,1,2
plataformatec:devise,3,1,1,14,0,0,0,4,0,0,0,1,0,0,0,646,2,0,1,4,0,0,0,0,0,0,0,2,0,0,0,491,0,1,0,2,0,0,0,0,0,0,0,0,0,0,0,462,2,6,22,9,0,0,3,3,1,2,0,2,1,0,2
google:web-starter-kit,1,0,0,12,0,0,0,3,0,0,0,0,0,0,0,189,2,0,0,1,0,0,0,1,1,0,0,0,0,0,0,70,0,1,1,0,0,0,0,0,0,0,0,0,0,0,0,112,1,3,5,1,4,0,1,0,0,0,1,2,1,0,4
grafana:grafana,6,0,0,8,0,0,0,1,0,0,0,0,0,0,0,2875,5,0,0,2,0,0,0,0,0,0,0,0,0,0,0,1060,0,6,3,7,0,0,0,0,0,0,0,0,0,0,0,2158,13,14,46,19,0,1,8,1,0,0,1,0,0,0,5
videojs:video.js,0,0,1,8,0,0,0,2,0,0,0,0,0,0,0,487,1,0,0,0,0,0,0,0,0,0,0,0,0,0,0,472,0,5,1,2,0,0,0,0,0,0,0,0,0,0,0,670,2,19,32,6,1,1,4,0,0,0,1,0,0,0,3
yahoo:pure,1,0,0,2,0,0,0,0,0,0,0,0,0,0,0,161,1,0,0,0,0,0,0,0,0,0,0,0,0,0,0,120,0,1,0,0,0,0,0,0,0,0,0,0,0,0,0,134,2,1,1,0,0,0,1,0,1,0,1,0,0,0,0
mathiasbynens:dotfiles,3,1,1,10,0,0,0,0,0,0,0,0,0,0,0,138,0,0,0,4,1,0,0,0,0,0,0,0,0,0,0,71,0,1,1,2,0,0,0,0,0,0,0,0,0,0,0,93,3,3,4,10,0,0,1,0,0,0,0,0,1,0,1
JetBrains:kotlin,8,2,1,15,3,0,0,9,0,0,0,5,1,0,0,10,2,0,0,0,1,0,0,0,1,0,0,5,4,0,1,53,0,1,2,0,0,0,0,1,0,1,0,0,0,0,1,40,0,6,18,1,0,0,8,1,0,0,0,1,3,0,9
IanLunn:Hover,0,0,0,0,0,0,0,0,0,0,0,0,0,0,0,22,0,0,0,0,0,0,0,0,0,0,0,0,0,0,0,36,0,0,0,0,0,0,0,0,0,0,0,0,0,0,0,27,0,0,0,0,0,0,0,0,0,0,0,0,0,0,0
koajs:koa,7,0,0,3,0,0,0,1,0,0,0,0,0,0,0,224,6,0,0,1,0,0,0,0,0,0,0,0,0,0,0,98,1,2,0,2,0,0,0,0,0,0,0,0,0,0,0,222,7,5,18,2,2,1,8,1,0,0,0,0,1,0,2
Reactive-Extensions:RxJS,2,0,0,4,0,0,0,1,0,0,0,0,0,0,0,161,0,0,0,1,0,0,0,0,0,0,0,0,0,0,0,255,1,0,3,1,0,0,0,0,0,0,0,0,0,0,0,264,0,3,1,2,1,1,0,0,0,0,0,2,0,0,1
numbbbbb:the-swift-programming-language-in-chinese,0,0,1,1,0,0,0,2,0,0,0,1,0,0,0,91,0,0,0,2,0,0,0,0,0,0,0,0,0,0,0,35,0,0,0,0,0,0,0,0,0,0,0,1,0,0,0,45,1,3,2,0,0,0,0,1,0,0,0,0,0,0,1
ant-design:ant-design,3,0,0,7,0,0,0,6,0,0,0,0,0,0,0,652,2,0,0,2,0,0,0,0,0,0,1,0,0,0,0,880,3,7,4,3,0,0,0,0,0,1,0,1,0,0,0,1336,11,36,48,20,1,3,8,3,0,1,1,0,0,2,15
huginn:huginn,0,0,0,0,0,0,0,0,0,0,0,0,0,0,0,16,0,0,0,0,0,0,0,0,0,0,0,0,0,0,0,24,0,1,0,0,0,0,0,0,0,0,0,0,0,0,0,39,1,2,7,0,0,0,0,0,0,0,0,0,0,0,0
zeit:next.js,10,0,2,1,0,0,0,1,0,0,0,0,0,0,0,655,17,0,2,3,0,0,0,0,0,0,0,0,0,0,0,193,1,0,4,2,0,0,0,0,0,0,0,0,0,0,0,627,23,17,60,7,0,1,10,0,0,0,0,1,1,0,3
hammerjs:hammer.js,0,0,0,0,0,0,0,1,0,0,0,0,0,0,0,289,1,0,0,1,0,0,0,0,0,0,0,0,0,0,0,221,0,0,0,0,0,0,0,0,0,0,0,0,0,0,0,147,2,2,6,0,0,0,0,0,0,0,0,1,0,0,0
request:request,2,1,1,8,0,0,0,2,0,0,0,0,0,0,0,755,3,0,0,0,0,0,0,0,0,0,0,0,0,0,0,336,0,0,1,0,0,0,0,0,0,0,0,0,0,0,0,474,9,8,18,5,1,0,0,1,0,0,2,2,1,0,2
square:leakcanary,0,0,0,2,0,0,0,1,0,0,0,0,0,0,0,504,4,0,0,0,0,0,0,0,0,0,0,0,0,0,0,278,1,2,0,1,0,0,0,0,0,0,0,0,0,1,0,223,2,9,12,1,0,0,0,0,0,0,1,0,0,0,1
railsware:upterm,0,0,0,1,0,0,0,0,0,0,0,0,0,0,0,28,0,0,0,0,0,0,0,0,0,0,0,0,0,0,0,39,0,0,0,0,0,0,0,0,0,0,0,0,0,0,0,26,1,1,2,0,0,0,0,0,0,0,0,0,1,0,0
t4t5:sweetalert,1,0,0,1,0,0,0,1,0,0,0,0,0,0,0,433,1,0,0,0,0,0,0,0,0,0,0,0,0,0,0,214,0,1,0,0,0,0,0,0,0,0,0,0,0,0,0,172,1,2,0,0,0,0,0,0,0,0,0,0,0,0,0
ElemeFE:element,3,3,4,7,0,0,0,1,0,0,0,0,0,0,0,666,1,0,1,0,0,0,0,1,0,0,0,0,0,0,0,1224,0,2,2,2,0,0,0,0,0,0,0,0,0,0,0,1225,7,11,20,4,1,1,4,0,0,0,0,2,0,0,4
XX-net:XX-Net,0,0,0,1,0,0,0,1,0,0,0,0,0,0,0,1802,0,0,0,3,0,0,0,0,0,0,0,0,0,0,0,788,0,0,1,0,0,0,0,0,0,0,0,0,0,0,0,2412,0,1,4,10,0,3,1,0,0,0,0,1,1,0,4
bitcoin:bitcoin,18,1,1,37,3,0,0,4,0,0,0,1,0,0,0,457,25,0,0,7,1,0,0,0,0,0,0,0,0,0,0,252,2,7,6,1,1,0,1,1,0,0,1,0,0,0,0,527,22,42,122,9,3,2,12,0,0,0,12,1,0,0,18
bevacqua:dragula,4,0,0,2,0,0,0,0,0,0,0,0,0,0,0,258,3,0,0,0,0,0,0,0,0,0,0,0,0,0,0,118,0,0,0,0,0,0,0,0,0,0,0,0,0,0,0,176,0,8,4,2,0,0,1,0,0,0,0,0,1,0,0
aosabook:500lines,2,0,0,2,0,0,0,0,0,0,0,0,0,0,0,21,5,0,0,0,0,0,0,0,0,0,0,0,0,0,0,30,1,0,0,0,0,0,0,0,0,0,0,0,0,0,0,16,9,0,2,0,0,0,2,0,0,0,1,0,2,0,1
BradLarson:GPUImage,0,0,0,3,0,0,0,2,0,0,0,0,0,0,0,335,1,0,0,0,0,0,0,0,0,0,0,0,0,0,0,234,0,0,0,0,0,0,0,0,0,0,0,0,0,0,0,213,0,1,0,1,0,0,0,1,0,0,0,0,0,0,0
GitbookIO:gitbook,1,0,0,4,0,0,0,0,0,0,0,0,0,0,0,660,0,0,1,0,0,0,0,0,0,0,0,0,0,0,0,231,0,0,0,0,0,0,0,1,0,0,0,0,0,0,0,373,1,3,1,8,0,0,0,1,0,0,0,0,1,0,1
photonstorm:phaser,1,0,0,8,0,0,0,0,0,0,0,1,0,0,0,226,1,0,0,1,0,0,0,0,0,0,0,0,0,0,0,321,0,0,0,2,0,0,0,0,0,0,0,0,0,0,0,394,2,3,3,15,1,0,0,2,0,0,0,3,1,1,0
spring-projects:spring-framework,11,0,0,59,1,0,0,4,0,0,0,2,0,0,0,40,3,0,0,1,0,0,0,0,0,0,0,0,2,0,0,161,1,3,8,3,0,0,0,0,0,0,0,0,0,0,0,122,2,10,10,6,0,1,2,0,0,0,1,0,2,0,3
SamyPesse:How-to-Make-a-Computer-Operating-System,2,0,1,8,0,0,0,2,0,0,0,0,0,0,0,49,0,0,0,2,0,0,0,1,0,0,0,0,0,0,0,21,0,0,0,0,0,0,0,1,0,0,0,0,0,0,0,13,0,0,0,0,0,0,0,0,0,0,0,0,0,0,0
postcss:postcss,0,0,2,3,0,0,0,0,0,0,0,0,0,0,0,133,1,0,0,4,0,0,0,0,0,0,0,0,0,0,0,77,0,1,0,0,0,0,0,0,0,0,0,0,0,0,0,234,2,4,4,3,4,1,4,1,0,0,0,0,1,0,1
verekia:js-stack-from-scratch,1,0,1,3,0,0,0,1,0,0,0,0,0,0,0,83,0,0,0,0,0,0,0,0,0,0,0,0,0,0,0,50,0,0,0,0,0,0,0,0,0,0,0,0,0,0,0,81,0,1,1,0,0,0,0,0,1,0,0,0,0,0,0
greenrobot:EventBus,0,0,0,0,0,0,0,0,0,0,0,1,0,0,0,191,1,0,0,0,0,0,0,0,0,0,0,0,0,0,0,126,0,1,0,0,0,0,0,0,0,0,0,0,0,0,0,144,1,1,0,0,0,0,0,0,0,0,0,0,0,0,0
github:fetch,3,0,1,2,0,0,0,0,0,0,0,0,0,0,0,207,3,0,0,0,0,0,0,0,0,0,0,0,0,0,0,152,0,2,1,0,0,0,0,0,0,0,0,0,0,0,0,207,1,7,10,1,1,0,3,0,0,0,1,0,0,0,2
apache:incubator-superset,0,0,0,0,0,0,0,0,0,0,0,0,0,0,0,78,0,1,0,0,0,0,0,0,0,0,0,0,0,0,0,101,0,1,1,0,0,0,0,0,0,0,0,0,0,0,0,74,0,2,8,0,0,0,0,0,0,0,0,0,0,0,0
angular:material,5,0,0,38,0,0,0,3,0,0,0,0,0,0,0,3795,5,0,1,25,0,0,0,0,0,0,0,0,0,0,0,1011,2,4,0,3,0,0,0,0,0,0,0,0,0,0,0,2337,11,38,69,89,5,2,24,0,0,0,0,0,0,1,9
spring-projects:spring-boot,3,0,0,23,0,0,0,2,0,0,0,1,0,0,0,1173,0,0,0,8,0,0,0,0,0,0,0,0,0,0,0,799,0,1,3,3,0,0,0,0,0,0,0,0,0,0,0,1602,9,16,55,28,8,2,9,0,0,0,0,0,3,0,5
racaljk:hosts,0,2,0,29,0,0,0,3,0,0,0,0,0,0,0,440,0,0,0,12,0,0,0,0,0,0,0,0,0,0,0,180,0,0,0,6,0,0,0,2,0,0,0,0,0,0,0,356,1,3,1,21,0,1,2,2,0,0,0,5,4,1,2
usablica:intro.js,1,1,0,0,0,0,0,0,0,0,0,0,0,0,0,261,0,0,0,3,0,0,0,0,0,0,0,0,0,0,0,175,0,1,2,0,0,0,0,0,0,0,0,0,0,0,0,105,0,1,1,1,0,1,0,0,0,0,0,0,1,0,0
danielgindi:Charts,1,0,0,1,0,0,0,1,0,0,0,0,0,0,0,436,0,0,0,2,0,0,0,0,0,0,0,0,0,0,0,433,0,1,1,0,0,0,0,0,0,0,0,0,0,0,0,694,1,5,6,2,0,0,0,1,0,0,0,0,2,0,1
Tencent:weui,0,0,0,1,0,0,0,1,0,0,0,0,0,0,0,15,0,0,0,0,0,0,0,0,0,0,0,0,0,0,0,13,0,0,0,0,0,0,0,0,0,0,0,0,0,0,0,9,0,0,0,0,0,0,0,0,0,0,0,0,0,0,0
ajaxorg:ace,0,2,2,9,0,0,0,2,0,0,0,0,0,0,0,358,3,0,0,2,1,0,0,0,0,0,0,0,0,0,0,234,0,1,3,4,0,0,0,1,0,1,0,0,0,0,0,340,2,11,17,0,0,0,0,0,0,1,0,0,0,1,1
ryanmcdermott:clean-code-javascript,1,0,0,0,0,0,0,0,0,0,0,0,0,0,0,48,3,0,0,0,0,0,0,0,0,0,0,0,1,0,0,65,0,2,3,1,0,0,0,0,0,0,0,0,0,0,0,67,0,4,8,0,0,0,0,0,0,0,0,0,0,0,0
pixijs:pixi.js,0,0,1,3,1,0,0,2,0,0,0,0,0,0,0,294,0,0,0,0,0,0,0,0,0,0,0,0,0,0,0,270,0,1,2,1,0,0,0,0,0,0,0,0,0,0,0,509,3,11,16,9,1,0,5,2,0,1,0,0,1,0,7
nostra13:Android-Universal-Image-Loader,0,0,0,5,0,0,0,0,0,0,0,0,0,0,0,328,0,0,0,0,0,0,0,0,0,0,0,0,0,0,0,153,0,0,1,0,0,0,0,0,0,0,0,0,0,0,0,122,0,0,0,0,0,0,0,0,0,0,0,1,0,0,0
airbnb:lottie-android,0,2,0,4,0,0,0,0,0,0,0,0,0,0,0,78,0,0,0,1,0,0,0,0,0,0,0,0,0,0,0,78,0,0,0,2,0,0,0,0,0,0,0,0,0,0,0,130,0,1,2,2,0,0,0,0,0,0,1,0,1,0,0
SwiftyJSON:SwiftyJSON,3,1,0,0,0,0,0,0,0,0,0,0,0,0,0,536,3,0,0,1,0,0,0,1,0,0,0,0,0,0,0,234,0,2,2,0,0,0,0,0,0,0,0,0,0,0,0,269,1,10,11,2,0,0,0,1,0,0,0,0,0,0,0
petkaantonov:bluebird,1,0,0,3,0,0,0,1,0,0,0,0,0,0,0,243,3,0,0,3,0,0,0,0,0,0,0,0,0,0,0,207,1,0,1,0,0,0,0,0,0,0,0,0,0,0,0,406,3,10,10,5,1,0,2,0,0,0,0,0,0,1,2
SnapKit:Masonry,0,0,0,0,0,0,0,0,0,0,0,0,0,0,0,130,1,0,0,0,0,0,0,0,0,0,0,0,0,0,0,84,0,0,0,0,0,0,0,0,0,0,0,0,0,0,0,115,0,1,1,0,0,0,0,0,0,0,0,0,0,0,0
kriasoft:react-starter-kit,8,3,1,12,0,0,0,1,0,0,0,0,0,0,0,540,7,0,0,4,0,0,0,0,0,0,0,0,0,0,0,178,0,2,0,2,0,0,0,0,0,0,0,0,0,0,0,362,4,17,11,10,2,0,1,2,0,0,0,1,0,0,3
defunkt:jquery-pjax,0,0,0,5,0,0,0,1,0,0,0,1,0,0,0,120,0,0,0,0,0,0,0,0,1,0,0,0,0,0,0,88,0,0,0,0,0,0,0,0,0,0,0,0,0,0,0,94,0,0,7,1,0,0,0,0,0,0,0,0,0,0,0
ftlabs:fastclick,2,1,1,1,0,0,0,1,0,0,0,1,0,0,0,281,0,0,0,0,0,0,0,0,0,0,0,0,0,0,0,87,0,1,0,0,0,0,0,0,0,0,0,0,0,0,0,61,0,0,0,1,0,0,0,0,0,0,0,0,0,0,0
zxing:zxing,0,0,0,11,0,0,0,3,0,0,0,0,0,0,0,137,0,0,0,3,0,0,0,0,0,0,0,0,0,0,0,151,0,2,3,0,0,0,0,0,0,0,0,0,0,0,0,235,0,3,6,1,1,0,0,2,0,0,1,0,1,0,0
mitchellh:vagrant,4,1,0,19,0,0,0,3,0,0,0,0,0,0,0,4195,7,0,0,12,0,0,0,1,0,0,0,0,0,0,0,1050,0,5,2,4,0,0,0,2,0,0,0,2,0,0,0,1649,14,21,21,21,2,1,3,7,0,1,1,1,1,0,4
react-boilerplate:react-boilerplate,2,0,0,4,0,0,0,1,0,0,0,0,0,0,0,285,4,0,0,0,0,0,0,0,0,0,0,0,0,0,0,129,0,0,0,0,0,0,0,0,0,0,0,0,0,0,0,176,3,3,8,1,0,0,3,0,1,0,2,0,0,0,0
bower:bower,0,0,0,4,0,0,0,0,0,0,0,0,0,0,0,1207,1,0,0,3,0,0,0,0,0,0,0,1,0,0,0,368,0,1,0,0,0,0,0,0,0,0,0,0,0,0,0,385,3,8,8,1,2,0,1,1,1,0,1,2,1,0,0
Bilibili:ijkplayer,0,0,0,2,0,0,0,1,0,0,0,0,0,0,0,549,0,0,0,2,0,0,0,1,0,0,0,0,0,0,0,393,0,0,1,0,0,1,0,0,0,0,0,1,0,0,0,1064,1,2,2,9,0,0,2,0,0,0,0,0,2,0,0
pugjs:pug,0,1,0,2,0,0,0,0,0,0,0,0,0,0,0,268,0,0,0,0,0,0,0,0,0,0,0,0,0,0,0,219,0,2,0,0,0,0,0,0,0,0,0,0,0,0,0,252,0,2,1,1,1,0,0,0,0,0,0,0,0,0,1
symfony:symfony,43,2,3,28,1,0,0,4,0,0,0,0,0,0,0,1188,42,0,0,8,3,0,0,1,0,0,0,0,0,0,0,679,3,27,17,3,0,0,0,0,0,0,0,0,0,0,0,1532,69,147,377,25,9,2,39,0,1,1,8,0,0,0,19
less:less.js,0,1,0,6,0,0,0,1,0,0,0,0,0,0,0,284,0,0,0,0,0,0,0,0,0,0,0,0,0,0,0,277,0,0,0,0,0,0,0,0,0,0,0,0,0,0,0,260,0,1,7,0,0,0,1,0,0,0,0,0,1,0,2
bcit-ci:CodeIgniter,3,3,3,14,0,0,0,3,0,0,0,0,0,0,0,280,0,0,0,1,0,0,0,0,0,0,0,0,0,0,0,511,0,4,2,2,0,0,0,0,0,0,0,3,0,0,0,502,1,21,20,13,1,2,5,1,0,0,0,0,1,0,4
google:iosched,0,0,0,1,0,0,0,0,0,0,0,0,0,0,0,140,1,0,0,0,0,0,0,0,0,0,0,1,0,0,0,50,0,0,0,0,0,0,0,0,0,0,0,0,0,0,0,52,1,1,0,2,0,0,0,0,0,0,0,1,0,0,0
dimsemenov:PhotoSwipe,0,0,0,4,0,0,0,1,0,0,0,0,0,0,0,342,1,0,0,0,0,0,0,0,0,0,0,0,0,0,0,181,0,0,0,0,0,0,0,0,0,0,0,0,0,0,0,281,0,1,1,2,0,0,0,1,0,0,0,0,0,0,0
coreos:etcd,6,0,0,2,0,0,0,0,0,0,0,0,0,0,0,332,3,0,0,0,0,0,0,0,0,0,0,0,0,0,0,257,2,5,4,0,0,0,0,0,0,0,0,0,0,0,0,748,8,32,108,5,2,1,1,0,0,0,2,0,0,1,6
isocpp:CppCoreGuidelines,3,0,0,6,1,0,0,0,0,0,0,0,0,0,0,101,4,0,0,1,0,0,0,0,0,0,0,0,0,0,0,151,0,4,1,1,0,0,0,0,0,0,0,0,0,0,0,160,4,6,16,3,4,1,4,0,0,0,1,0,1,2,1
quilljs:quill,0,0,0,9,0,0,0,0,0,0,0,0,0,0,0,521,0,0,0,0,0,0,0,0,0,0,0,0,0,0,0,262,0,2,0,0,0,0,0,1,0,0,0,0,0,0,0,434,2,7,9,5,0,0,1,0,0,0,0,0,0,0,1
facebook:hhvm,0,0,0,14,0,0,0,2,0,0,0,0,0,0,0,623,4,0,0,4,2,0,0,1,0,0,0,0,0,0,0,400,0,2,1,0,0,0,0,0,0,0,0,0,0,0,0,643,7,9,19,24,3,1,14,1,0,0,1,1,1,0,0
jondot:awesome-react-native,0,0,0,0,0,0,0,0,0,0,0,0,0,0,0,16,1,0,0,0,0,0,0,0,0,0,0,0,0,0,0,150,0,0,0,0,0,0,0,0,0,0,0,0,0,0,0,67,0,1,0,0,0,0,0,0,0,0,0,0,0,0,0
dhg:Skeleton,0,0,0,2,0,0,0,0,0,0,0,0,0,0,0,121,0,0,0,0,0,0,0,0,0,0,0,0,0,0,0,39,0,0,0,0,0,0,0,0,0,0,0,0,0,0,0,49,0,0,0,0,0,0,0,1,0,0,0,0,0,0,0
soimort:you-get,1,0,0,3,0,0,0,2,0,0,0,0,0,0,0,327,0,0,0,1,0,0,0,0,0,0,0,0,0,0,0,299,0,2,0,1,0,0,0,0,0,0,0,0,0,0,0,533,1,2,6,5,0,0,1,2,0,0,1,0,1,0,3
prettier:prettier,7,0,1,0,0,0,0,2,0,0,0,0,0,0,0,348,5,0,0,0,0,0,0,0,0,0,0,0,0,0,0,221,1,2,3,0,0,0,0,0,0,0,0,0,0,0,0,394,11,10,42,2,0,0,5,0,0,0,0,0,0,0,2
Valloric:YouCompleteMe,0,0,0,6,0,0,0,0,0,0,0,0,0,0,0,695,0,0,0,0,0,0,0,1,0,0,0,0,0,0,0,366,0,1,0,1,0,0,0,0,0,0,0,0,0,0,0,662,0,3,4,4,0,0,0,0,0,0,0,0,1,0,3
twitter:typeahead.js,0,0,0,5,0,0,0,0,0,0,0,0,0,0,0,725,2,0,0,3,0,0,0,0,0,0,0,0,0,0,0,280,0,2,0,0,0,0,0,0,0,0,0,0,0,0,0,192,0,0,0,1,0,0,0,2,0,0,0,0,0,0,0
juliangarnier:anime,2,1,0,1,0,0,0,0,0,0,0,0,0,0,0,51,1,0,0,0,0,0,0,0,0,0,0,0,0,0,0,55,1,0,0,0,0,0,0,0,0,0,0,0,0,0,0,87,0,1,2,0,1,0,1,0,1,0,0,0,0,0,0
rstacruz:nprogress,0,0,0,0,0,0,0,0,0,0,0,0,0,0,0,48,0,0,0,0,0,0,0,0,0,0,0,0,0,0,0,33,0,0,0,0,0,0,0,0,0,0,0,0,0,0,0,14,0,0,0,0,0,0,0,0,0,0,0,0,0,0,0
jaywcjlove:awesome-mac,0,1,0,4,0,0,0,0,0,0,0,0,0,0,0,37,0,0,0,0,0,0,0,0,0,0,0,0,0,0,0,39,0,0,0,1,0,0,0,0,0,0,0,0,0,0,0,36,0,0,0,0,0,0,0,0,0,0,0,0,1,0,0
jcjohnson:neural-style,0,0,1,1,0,0,0,0,0,0,0,0,0,0,0,249,0,0,0,1,0,0,0,0,0,0,0,1,0,0,0,70,0,0,0,0,0,0,0,0,0,0,0,0,0,0,0,201,0,0,0,0,0,0,0,0,0,0,0,0,0,0,0
angular-ui:bootstrap,5,2,3,26,0,0,0,1,0,0,0,0,0,0,0,1868,7,0,3,6,1,0,0,0,0,0,0,1,0,0,0,1130,0,21,4,2,0,0,0,1,0,0,0,0,0,0,0,1199,0,56,70,21,0,1,1,0,0,0,0,1,1,0,6
webtorrent:webtorrent,0,1,0,0,0,0,0,0,0,0,0,0,0,0,0,41,1,0,0,0,0,0,0,0,0,0,0,0,0,0,0,32,0,0,0,0,0,0,0,0,0,0,0,0,0,0,0,38,0,0,0,0,0,0,0,0,0,0,0,0,0,0,0
facebook:flux,1,1,0,5,0,0,0,0,0,0,0,0,0,0,0,136,0,0,0,0,0,0,0,1,0,0,0,0,0,0,0,118,0,1,1,2,0,0,0,0,0,0,0,0,0,0,0,111,1,9,5,2,0,1,0,0,0,0,1,0,1,0,2
apache:spark,61,1,0,50,2,0,0,8,0,0,0,0,0,0,0,556,50,0,0,6,5,0,0,0,0,0,0,0,0,0,0,263,5,29,38,0,0,1,1,0,0,0,0,0,0,0,0,403,29,139,661,7,0,3,59,0,0,0,9,0,0,0,42
dkhamsing:open-source-ios-apps,1,0,0,47,0,0,0,1,0,0,0,0,0,0,0,14,0,0,0,1,0,0,0,0,0,0,0,0,0,0,0,102,0,9,3,4,0,1,0,0,0,0,0,0,0,0,0,58,1,4,1,1,0,1,1,0,0,0,0,0,1,0,1
tornadoweb:tornado,0,0,1,4,0,0,0,1,0,0,0,0,0,0,0,145,0,1,0,1,0,0,0,0,0,0,0,0,0,0,0,202,0,0,3,0,0,0,0,0,0,0,0,1,0,0,0,266,1,19,15,5,0,0,1,1,0,0,1,0,0,0,1
jashkenas:coffeescript,0,0,0,2,0,0,0,1,0,0,0,0,0,0,0,377,2,0,0,2,0,0,0,0,0,0,0,0,0,0,0,307,2,0,2,0,0,0,0,1,0,0,0,0,0,0,0,285,4,5,23,3,1,1,1,0,0,0,0,0,2,0,2
dokku:dokku,1,2,1,1,0,0,0,0,0,0,0,0,0,0,0,143,2,1,1,0,0,0,0,0,0,0,0,0,0,0,0,135,0,1,3,0,0,0,0,0,0,0,0,0,0,0,0,280,2,8,24,1,0,0,2,0,0,0,1,0,0,0,2
square:picasso,4,0,0,5,0,0,0,0,0,0,0,0,0,0,0,552,9,1,0,0,0,0,0,0,0,0,0,0,0,0,0,315,0,3,1,0,0,0,0,0,0,0,0,0,0,0,0,353,3,6,15,1,0,0,0,1,0,0,1,0,0,0,2
raywenderlich:swift-algorithm-club,0,0,0,0,0,0,0,1,0,0,0,0,0,0,0,12,1,0,1,0,1,0,0,0,0,0,0,0,0,0,0,78,1,1,1,0,0,0,1,0,0,0,0,0,0,0,0,88,2,11,9,0,0,0,0,1,0,1,0,0,0,0,0
twbs:ratchet,1,0,0,2,0,0,0,0,0,0,0,0,0,0,0,117,1,0,0,0,1,0,0,0,0,0,0,0,0,0,0,95,0,0,0,0,0,0,0,0,0,0,0,0,0,0,0,33,0,3,2,0,1,0,0,0,0,0,0,0,1,0,1
knsv:mermaid,0,0,0,1,0,0,0,0,0,0,0,0,0,0,0,164,0,0,0,1,0,0,0,0,0,0,0,0,0,0,0,107,0,1,0,0,0,0,0,0,0,0,0,0,0,0,0,169,1,1,1,1,1,0,0,0,0,0,0,1,0,0,0
parse-community:parse-server,0,0,0,1,0,0,0,1,0,0,0,0,0,0,0,166,0,0,0,0,0,0,0,0,0,0,0,0,0,0,0,135,0,0,1,0,0,0,0,0,0,0,0,0,0,0,0,144,2,1,12,1,0,0,1,0,0,0,0,0,0,0,1
reddit:reddit,3,0,2,31,0,0,0,4,0,0,0,1,0,0,0,132,1,1,0,2,0,0,0,2,3,0,0,2,3,0,0,168,1,0,3,2,0,0,0,0,0,0,0,0,0,0,0,173,1,6,8,5,1,1,3,1,0,0,1,0,4,0,2
mholt:caddy,2,0,0,3,0,0,0,0,0,0,0,0,0,0,0,369,8,0,0,3,1,0,0,0,0,0,0,0,0,0,0,132,1,4,4,0,0,0,0,0,0,0,0,0,0,0,0,483,14,32,68,2,2,0,6,1,0,0,2,0,0,0,8
chjj:marked,0,0,0,2,0,0,0,0,0,0,0,0,0,0,0,396,2,0,0,0,0,0,0,0,0,0,0,0,0,0,0,168,0,1,1,1,0,0,0,0,0,0,0,0,0,0,0,135,3,1,2,0,0,0,0,1,0,0,0,0,0,0,0
developit:preact,9,0,0,3,1,0,0,1,0,0,0,0,0,0,0,147,4,0,0,1,0,0,0,0,0,0,0,0,0,0,0,81,0,1,2,0,0,0,0,0,0,0,0,0,0,0,0,248,5,10,28,4,1,0,2,0,0,0,0,0,1,0,0
RocketChat:Rocket.Chat,4,2,0,3,0,0,0,4,0,0,0,0,0,0,0,1610,3,0,2,6,0,0,0,0,0,0,0,0,0,0,0,454,0,5,5,1,0,0,0,0,0,1,0,0,0,0,0,1307,9,58,55,13,1,2,10,1,0,0,3,0,0,1,8
getsentry:sentry,3,0,0,14,0,0,0,2,0,0,0,0,0,0,0,516,2,0,0,2,1,0,1,0,0,0,0,0,0,0,0,312,0,1,2,0,0,0,0,0,0,0,0,0,0,0,0,460,4,9,14,4,2,0,1,0,0,0,6,0,0,0,9
tobiasahlin:SpinKit,0,0,0,0,0,0,0,0,0,0,0,0,0,0,0,15,0,0,0,0,0,0,0,0,0,0,0,0,0,0,0,16,0,0,0,0,0,0,0,0,0,0,0,0,0,0,0,13,1,0,1,0,0,0,0,0,0,0,0,0,0,0,0
npm:npm,7,1,0,13,0,0,0,3,0,0,0,0,0,0,0,8382,5,0,1,11,1,0,0,0,0,0,0,0,0,0,0,3504,2,8,3,2,1,0,0,0,0,0,0,0,0,0,0,4685,20,23,40,24,1,1,7,1,0,0,0,1,0,0,3
jdg:MBProgressHUD,0,1,0,2,0,0,0,0,0,0,0,0,0,0,0,113,0,0,0,1,0,0,0,0,0,0,0,0,0,0,0,113,0,1,0,0,0,0,0,0,0,0,0,0,0,0,0,86,1,1,2,1,0,0,0,0,0,0,0,0,1,0,0
ReactiveX:RxAndroid,2,0,0,2,0,0,0,0,0,0,0,0,0,0,0,96,1,0,0,0,0,0,0,0,0,0,0,0,0,0,0,58,0,0,0,0,0,0,0,0,0,0,0,0,0,0,0,72,9,3,13,0,0,0,0,0,0,0,2,0,0,0,0
storybooks:storybook,1,0,0,2,0,0,0,1,0,0,0,0,0,0,0,248,5,0,0,0,0,0,0,0,0,0,0,0,0,0,0,147,2,1,0,0,0,0,0,0,0,0,0,0,0,0,0,204,2,12,25,3,1,0,3,2,0,0,2,0,0,0,3
kriskowal:q,1,0,0,0,0,0,0,0,0,0,0,0,0,0,0,92,2,0,0,0,0,0,0,0,0,0,0,0,0,0,0,76,0,0,1,0,0,0,0,0,0,0,0,0,0,0,0,70,2,2,7,0,0,0,0,0,0,0,0,0,0,0,0
nolimits4web:Swiper,0,0,0,1,0,0,0,0,0,0,0,0,0,0,0,457,0,0,0,1,0,0,0,0,0,0,0,0,0,0,0,400,0,0,0,0,0,0,0,0,0,0,0,0,0,0,0,408,0,0,0,2,0,0,1,0,0,0,0,1,0,0,0
postcss:autoprefixer,1,0,0,1,0,0,0,1,0,0,0,0,0,0,0,125,0,1,0,2,0,0,0,0,0,0,0,0,0,0,0,156,0,2,0,1,0,0,0,0,0,0,0,0,0,0,0,234,2,1,1,4,0,0,1,0,0,0,0,0,1,0,0
angular-ui:ui-router,0,0,0,7,0,0,0,0,0,0,0,0,0,0,0,1788,0,0,1,1,1,0,0,0,0,0,0,0,0,0,0,699,0,1,0,1,0,0,0,1,0,0,0,0,0,0,0,818,0,9,9,8,1,0,0,3,0,0,0,1,0,0,2
julianshapiro:velocity,0,0,0,0,0,0,0,0,0,0,0,0,0,0,0,179,1,0,0,1,0,0,0,0,0,0,0,0,0,0,0,130,0,0,0,0,0,0,0,0,0,0,0,0,0,0,0,209,0,1,2,1,0,0,0,0,0,0,0,1,1,0,0
songrotek:Deep-Learning-Papers-Reading-Roadmap,0,0,0,0,0,0,0,0,0,0,0,0,0,0,0,13,0,0,0,0,0,0,0,0,0,0,0,0,0,0,0,15,0,0,0,0,0,0,0,0,0,0,0,0,0,0,0,11,0,0,0,0,0,0,0,0,0,0,0,0,0,0,0
segmentio:nightmare,2,0,0,3,0,0,0,2,0,0,0,0,0,0,0,335,1,0,0,1,0,0,0,0,0,0,0,0,0,0,0,215,0,2,4,0,0,0,0,0,0,0,0,0,0,0,0,406,4,9,7,0,1,1,0,1,1,0,0,0,0,0,1
facebook:fresco,1,0,0,0,0,0,0,6,0,0,0,0,0,0,0,538,5,0,0,1,1,0,0,1,1,0,0,0,0,0,0,320,0,2,0,0,0,0,0,0,0,0,0,0,0,0,0,699,2,14,17,3,2,1,4,0,0,0,0,0,0,0,0
wg:wrk,0,0,0,0,0,0,0,0,0,0,0,0,0,0,0,55,0,0,0,0,0,0,0,0,0,0,0,0,0,0,0,84,0,0,0,0,0,0,0,0,0,0,0,0,0,0,0,70,0,0,0,0,0,0,0,0,0,0,0,0,0,0,0
cheeriojs:cheerio,0,0,0,1,0,0,0,0,0,0,0,0,0,0,0,227,1,0,0,2,0,0,0,0,0,0,0,0,0,0,0,158,0,2,1,0,0,0,0,0,0,0,0,0,0,0,0,188,3,2,4,0,0,0,0,0,0,0,0,0,0,0,1
standard:standard,0,1,0,1,0,0,0,0,0,0,0,0,0,0,0,47,1,0,0,0,0,0,0,1,0,0,0,0,0,0,0,23,0,0,0,0,0,0,0,0,0,0,0,0,0,0,0,24,0,0,0,0,0,0,0,0,0,0,0,0,0,0,0
